text_file,img_name,img_rename,chapter,target_chapter,location,preceding_text,following_text,preceding_simp,following_simp
c2S.xhtml,image_rsrc5H9.jpg,chapTOC_img001.jpg,0,chapter_000.xhtml,MID,,page xxxix,,pagexxxix
c29.xhtml,image_rsrc5H8.jpg,chapNH_img001.jpg,0,chapter_000.xhtml,MID,page xxxv,in token of my admiration for his genius,pagexxxv,intokenofmyadmirationforhisgenius
c7M.xhtml,image_rsrc5HA.jpg,chapETY_img001.jpg,0,chapter_000.xhtml,MID,"the pale usher—threadbare in coat, heart, body, and brain","page xxxviii",thepaleusherthreadbareincoatheartbodyandbrain,pagexxxviii
cAK.xhtml,image_rsrc5HB.jpg,chapEXT_img001.jpg,0,chapter_000.xhtml,MID,"on one occasion i saw two of these monsters (whales)","'stern all!' exclaimed the mate, as upon turning his head",ononeoccasionisawtwoofthesemonsterswhales,sternallexclaimedthemateasuponturninghishead
cJD.xhtml,image_rsrc5HC.jpg,chap001_img001.jpg,1,chapter_001.xhtml,TOP,,call me ishmael. some years ago—never mind how long,,callmeishmaelsomeyearsagonevermindhowlong
cJD.xhtml,image_rsrc5HD.jpg,chap001_img002.jpg,1,chapter_001.xhtml,BOTTOM,"by reason of these things, then, the whaling voyage was welcome; the great",,byreasonofthesethingsthenthewhalingvoyagewaswelcomethegreat,
cKF.xhtml,image_rsrc5HE.jpg,chap002_img001.jpg,2,chapter_002.xhtml,TOP,,"i stuffed a shirt or two into my old carpet-bag,",,istuffedashirtortwointomyoldcarpetbag
cKF.xhtml,image_rsrc5HF.jpg,chap002_img002.jpg,2,chapter_002.xhtml,MID,"with halting steps i paced the streets, and passed the sign of ""the","such dreary streets! blocks of blackness, not houses, on either",withhaltingstepsipacedthestreetsandpassedthesignofthe,suchdrearystreetsblocksofblacknessnothousesoneither
cKF.xhtml,image_rsrc5HG.jpg,chap002_img003.jpg,2,chapter_002.xhtml,MID,it seemed the great black parliament sitting in tophet. a hundred black faces,"moving on, i at last came to a dim sort",itseemedthegreatblackparliamentsittingintophetahundredblackfaces,movingoniatlastcametoadimsort
cKF.xhtml,image_rsrc5HH.jpg,chap002_img004.jpg,2,chapter_002.xhtml,BOTTOM,"but no more of this blubbering now, we are going a-whaling, and there",,butnomoreofthisblubberingnowwearegoingawhalingandthere,
cMD.xhtml,image_rsrc5HJ.jpg,chap003_img001.jpg,3,chapter_003.xhtml,TOP,,"entering that gable-ended spouter-inn, you found yourself in a",,enteringthatgableendedspouterinnyoufoundyourselfina
cMD.xhtml,image_rsrc5HK.jpg,chap003_img002.jpg,3,chapter_003.xhtml,MID,"but there was no time for shuddering, for now the savage went about",i now screwed my eyes hard towards the half hidden,buttherewasnotimeforshudderingfornowthesavagewentabout,inowscrewedmyeyeshardtowardsthehalfhidden
cMD.xhtml,image_rsrc5HM.jpg,chap003_img003.jpg,3,chapter_003.xhtml,BOTTOM,"i turned in, and never slept better in my life.",,iturnedinandneversleptbetterinmylife,
cR6.xhtml,image_rsrc5HN.jpg,chap004_img001.jpg,4,chapter_004.xhtml,TOP,,"upon waking next morning about daylight, i found queequeg's",,uponwakingnextmorningaboutdaylightifoundqueequegs
cR6.xhtml,image_rsrc5HP.jpg,chap004_img002.jpg,4,chapter_004.xhtml,BOTTOM,"the rest of his toilet was soon achieved, and he proudly marched out",,therestofhistoiletwassoonachievedandheproudlymarchedout,
cRT.xhtml,image_rsrc5HR.jpg,chap005_img001.jpg,5,chapter_005.xhtml,TOP,,"i quickly followed suit, and descending into the bar-room accosted",,iquicklyfollowedsuitanddescendingintothebarroomaccosted
cSA.xhtml,image_rsrc5HS.jpg,chap006_img001.jpg,6,chapter_006.xhtml,TOP,,if i had been astonished at first catching a,,ifihadbeenastonishedatfirstcatchinga
cSA.xhtml,image_rsrc5HT.jpg,chap006_img002.jpg,6,chapter_006.xhtml,BOTTOM,"and the women of new bedford, they bloom like their own red roses.",,andthewomenofnewbedfordtheybloomliketheirownredroses,
cSZ.xhtml,image_rsrc5HU.jpg,chap007_img001.jpg,7,chapter_007.xhtml,TOP,,in this same new bedford there stands a whaleman's,,inthissamenewbedfordtherestandsawhalemans
cSZ.xhtml,image_rsrc5HV.jpg,chap007_img002.jpg,7,chapter_007.xhtml,BOTTOM,"it needs scarcely to be told, with what feelings, on the eve of",,itneedsscarcelytobetoldwithwhatfeelingsontheeveof,
cUP.xhtml,image_rsrc5HW.jpg,chap008_img001.jpg,8,chapter_008.xhtml,TOP,,i had not been seated very long ere a man,,ihadnotbeenseatedverylongereaman
cUP.xhtml,image_rsrc5HX.jpg,chap008_img002.jpg,8,chapter_008.xhtml,BOTTOM,what could be more full of meaning?—for the pulpit is ever this earth's,,whatcouldbemorefullofmeaningforthepulpitiseverthisearths,
cV8.xhtml,image_rsrc5HY.jpg,chap009_img001.jpg,9,chapter_009.xhtml,TOP,,"father mapple rose, and in a mild voice of",,fathermappleroseandinamildvoiceof
cWV.xhtml,image_rsrc5HZ.jpg,chap010_img001.jpg,10,chapter_010.xhtml,TOP,,"returning to the spouter-inn from the chapel, i found",,returningtothespouterinnfromthechapelifound
cWV.xhtml,image_rsrc5J0.jpg,chap010_img002.jpg,10,chapter_010.xhtml,BOTTOM,how it is i know not; but there is no place like a,,howitisiknownotbutthereisnoplacelikea,
cXG.xhtml,image_rsrc5J1.jpg,chap011_img001.jpg,11,chapter_011.xhtml,TOP,,"we had lain thus in bed, chatting and napping",,wehadlainthusinbedchattingandnapping
cXG.xhtml,image_rsrc5J2.jpg,chap011_img002.jpg,11,chapter_011.xhtml,BOTTOM,whether it was that this undulating tester rolled the savage away to far,,whetheritwasthatthisundulatingtesterrolledthesavageawaytofar,
cXZ.xhtml,image_rsrc5J3.jpg,chap012_img001.jpg,12,chapter_012.xhtml,TOP,,"queequeg was a native of kokovoko, an island far",,queequegwasanativeofkokovokoanislandfar
cXZ.xhtml,image_rsrc5J4.jpg,chap012_img002.jpg,12,chapter_012.xhtml,MID,"a sag harbor ship visited his father's bay, and queequeg sought a passage",in vain the captain threatened to throw him overboard; suspended,asagharborshipvisitedhisfathersbayandqueequegsoughtapassage,invainthecaptainthreatenedtothrowhimoverboardsuspended
cXZ.xhtml,image_rsrc5J5.jpg,chap012_img003.jpg,12,chapter_012.xhtml,BOTTOM,"his story being ended with his pipe's last dying puff, queequeg embraced me,",,hisstorybeingendedwithhispipeslastdyingpuffqueequegembracedme,
cYR.xhtml,image_rsrc5J6.jpg,chap013_img001.jpg,13,chapter_013.xhtml,TOP,,"next morning, monday, after disposing of the embalmed head",,nextmorningmondayafterdisposingoftheembalmedhead
cYR.xhtml,image_rsrc5J7.jpg,chap013_img002.jpg,13,chapter_013.xhtml,BOTTOM,was there ever such unconsciousness? he did not seem to think that he,,wasthereeversuchunconsciousnesshedidnotseemtothinkthathe,
cZH.xhtml,image_rsrc5J8.jpg,chap014_img001.jpg,14,chapter_014.xhtml,TOP,,nothing more happened on the passage worthy the mentioning;,,nothingmorehappenedonthepassageworthythementioning
cZH.xhtml,image_rsrc5J9.jpg,chap014_img002.jpg,14,chapter_014.xhtml,BOTTOM,"and thus have these naked nantucketers, these sea hermits, issuing from their ant-hill",,andthushavethesenakednantucketerstheseseahermitsissuingfromtheiranthill,
c101.xhtml,image_rsrc5JA.jpg,chap015_img001.jpg,15,chapter_015.xhtml,TOP,,it was quite late in the evening when the,,itwasquitelateintheeveningwhenthe
c101.xhtml,image_rsrc5JB.jpg,chap015_img002.jpg,15,chapter_015.xhtml,BOTTOM,"""both,"" says i; ""and let's have a couple of smoked herring by way",,bothsaysiandletshaveacoupleofsmokedherringbyway,
c10X.xhtml,image_rsrc5JC.jpg,chap016_img001.jpg,16,chapter_016.xhtml,TOP,,in bed we concocted our plans for the morrow.,,inbedweconcoctedourplansforthemorrow
c10X.xhtml,image_rsrc5JD.jpg,chap016_img002.jpg,16,chapter_016.xhtml,BOTTOM,"as i walked away, i was full of thoughtfulness; what had been incidentally",,asiwalkedawayiwasfullofthoughtfulnesswhathadbeenincidentally,
c13V.xhtml,image_rsrc5JE.jpg,chap017_img001.jpg,17,chapter_017.xhtml,TOP,,"as queequeg's ramadan, or fasting and humiliation, was to",,asqueequegsramadanorfastingandhumiliationwasto
c151.xhtml,image_rsrc5JF.jpg,chap018_img001.jpg,18,chapter_018.xhtml,TOP,,as we were walking down the end of the,,aswewerewalkingdowntheendofthe
c151.xhtml,image_rsrc5JG.jpg,chap018_img002.jpg,18,chapter_018.xhtml,MID,"but at this question, queequeg, who had twice or thrice before taken part","meanwhile captain bildad sat earnestly and steadfastly eyeing queequeg, and",butatthisquestionqueequegwhohadtwiceorthricebeforetakenpart,meanwhilecaptainbildadsatearnestlyandsteadfastlyeyeingqueequegand
c151.xhtml,image_rsrc5JH.jpg,chap018_img003.jpg,18,chapter_018.xhtml,BOTTOM,"bildad said no more, but buttoning up his coat, stalked on deck, where",,bildadsaidnomorebutbuttoninguphiscoatstalkedondeckwhere,
c16A.xhtml,image_rsrc5JJ.jpg,chap019_img001.jpg,19,chapter_019.xhtml,TOP,,"""shipmates, have ye shipped in that ship?""",,shipmateshaveyeshippedinthatship
c16A.xhtml,image_rsrc5JK.jpg,chap019_img002.jpg,19,chapter_019.xhtml,BOTTOM,i was resolved to satisfy myself whether this ragged elijah was really dogging,,iwasresolvedtosatisfymyselfwhetherthisraggedelijahwasreallydogging,
c17T.xhtml,image_rsrc5JM.jpg,chap020_img001.jpg,20,chapter_020.xhtml,TOP,,"a day or two passed, and there was great activity",,adayortwopassedandtherewasgreatactivity
c17T.xhtml,image_rsrc5JN.jpg,chap020_img002.jpg,20,chapter_020.xhtml,BOTTOM,at last it was given out that some time next day the ship,,atlastitwasgivenoutthatsometimenextdaytheship,
c18D.xhtml,image_rsrc5JP.jpg,chap021_img001.jpg,21,chapter_021.xhtml,TOP,,"it was nearly six o'clock, but only grey imperfect",,itwasnearlysixoclockbutonlygreyimperfect
c18D.xhtml,image_rsrc5JR.jpg,chap021_img002.jpg,21,chapter_021.xhtml,BOTTOM,it was now clear sunrise. soon the crew came on board in twos,,itwasnowclearsunrisesoonthecrewcameonboardintwos,
c19Y.xhtml,image_rsrc5JS.jpg,chap022_img001.jpg,22,chapter_022.xhtml,TOP,,"at length, towards noon, upon the final dismissal of",,atlengthtowardsnoonuponthefinaldismissalof
c19Y.xhtml,image_rsrc5JT.jpg,chap022_img002.jpg,22,chapter_022.xhtml,BOTTOM,"ship and boat diverged; the cold, damp night breeze blew between; a screaming",,shipandboatdivergedthecolddampnightbreezeblewbetweenascreaming,
c1B2.xhtml,image_rsrc5JU.jpg,chap023_img001.jpg,23,chapter_023.xhtml,TOP,,"some chapters back, one bulkington was spoken of, a",,somechaptersbackonebulkingtonwasspokenofa
c1B2.xhtml,image_rsrc5JV.jpg,chap023_img002.jpg,23,chapter_023.xhtml,BOTTOM,"but as in landlessness alone resides the highest truth, shoreless, indefinite as god—so, better",,butasinlandlessnessaloneresidesthehighesttruthshorelessindefiniteasgodsobetter,
c1BH.xhtml,image_rsrc5JW.jpg,chap024_img001.jpg,24,chapter_024.xhtml,TOP,,as queequeg and i are now fairly embarked in,,asqueequegandiarenowfairlyembarkedin
c1CK.xhtml,image_rsrc5JX.jpg,chap025_img001.jpg,25,chapter_025.xhtml,TOP,,"in behalf of the dignity of whaling, i would",,inbehalfofthedignityofwhalingiwould
c1CK.xhtml,image_rsrc5JY.jpg,chap025_img002.jpg,25,chapter_025.xhtml,BOTTOM,"think of that, ye loyal britons! we whalemen supply your kings and queens",,thinkofthatyeloyalbritonswewhalemensupplyyourkingsandqueens,
c1D3.xhtml,image_rsrc5JZ.jpg,chap026_img001.jpg,26,chapter_026.xhtml,TOP,,"the chief mate of the pequod was starbuck, a",,thechiefmateofthepequodwasstarbucka
c1D3.xhtml,image_rsrc5K0.jpg,chap026_img002.jpg,26,chapter_026.xhtml,MID,starbuck was no crusader after perils; in him courage was not a sentiment;,"with memories like these in him, and, moreover, given to",starbuckwasnocrusaderafterperilsinhimcouragewasnotasentiment,withmemoriesliketheseinhimandmoreovergivento
c1D3.xhtml,image_rsrc5K1.jpg,chap026_img003.jpg,26,chapter_026.xhtml,BOTTOM,"if, then, to meanest mariners, and renegades and castaways, i shall hereafter ascribe",,ifthentomeanestmarinersandrenegadesandcastawaysishallhereafterascribe,
c1DR.xhtml,image_rsrc5K2.jpg,chap027_img001.jpg,27,chapter_027.xhtml,TOP,,stubb was the second mate. he was a native,,stubbwasthesecondmatehewasanative
c1DR.xhtml,image_rsrc5K3.jpg,chap027_img002.jpg,27,chapter_027.xhtml,MID,"the third mate was flask, a native of tisbury, in martha's vineyard. a","now these three mates—starbuck, stubb, and flask, were",thethirdmatewasflaskanativeoftisburyinmarthasvineyarda,nowthesethreematesstarbuckstubbandflaskwere
c1EB.xhtml,image_rsrc5K4.jpg,chap028_img001.jpg,28,chapter_028.xhtml,TOP,,"for several days after leaving nantucket, nothing above hatches",,forseveraldaysafterleavingnantucketnothingabovehatches
c1EU.xhtml,image_rsrc5K5.jpg,chap029_img001.jpg,29,chapter_029.xhtml,TOP,,"some days elapsed, and ice and icebergs all astern,",,somedayselapsedandiceandicebergsallastern
c1EU.xhtml,image_rsrc5K6.jpg,chap029_img002.jpg,29,chapter_029.xhtml,MID,"as he said this, ahab advanced upon him with such overbearing terrors in","""i was never served so before without giving a hard",ashesaidthisahabadvanceduponhimwithsuchoverbearingterrorsin,iwasneverservedsobeforewithoutgivingahard
c1FF.xhtml,image_rsrc5K7.jpg,chap030_img001.jpg,30,chapter_030.xhtml,TOP,,"when stubb had departed, ahab stood for a while",,whenstubbhaddepartedahabstoodforawhile
c1FF.xhtml,image_rsrc5K8.jpg,chap030_img002.jpg,30,chapter_030.xhtml,BOTTOM,he tossed the still lighted pipe into the sea. the fire hissed in,,hetossedthestilllightedpipeintotheseathefirehissedin,
c1FY.xhtml,image_rsrc5K9.jpg,chap031_img001.jpg,31,chapter_031.xhtml,TOP,,next morning stubb accosted flask.,,nextmorningstubbaccostedflask
c1GC.xhtml,image_rsrc5KA.jpg,chap032_img001.jpg,32,chapter_032.xhtml,TOP,,already we are boldly launched upon the deep; but,,alreadyweareboldlylauncheduponthedeepbut
c1GC.xhtml,image_rsrc5KB.jpg,chap032_img002.jpg,32,chapter_032.xhtml,BOTTOM,"finally: it was stated at the outset, that this system would not be",,finallyitwasstatedattheoutsetthatthissystemwouldnotbe,
c1J8.xhtml,image_rsrc5KC.jpg,chap033_img001.jpg,33,chapter_033.xhtml,TOP,,"concerning the officers of the whale-craft, this seems as",,concerningtheofficersofthewhalecraftthisseemsas
c1J8.xhtml,image_rsrc5KD.jpg,chap033_img002.jpg,33,chapter_033.xhtml,BOTTOM,"but ahab, my captain, still moves before me in all his nantucket grimness",,butahabmycaptainstillmovesbeforemeinallhisnantucketgrimness,
c1JV.xhtml,image_rsrc5KE.jpg,chap034_img001.jpg,34,chapter_034.xhtml,TOP,,"it is noon; and dough-boy, the steward, thrusting his",,itisnoonanddoughboythestewardthrustinghis
c1JV.xhtml,image_rsrc5KF.jpg,chap034_img002.jpg,34,chapter_034.xhtml,BOTTOM,"in this one matter, ahab seemed no exception to most american whale captains,",,inthisonematterahabseemednoexceptiontomostamericanwhalecaptains,
c1KJ.xhtml,image_rsrc5KG.jpg,chap035_img001.jpg,35,chapter_035.xhtml,TOP,,"it was during the more pleasant weather, that in",,itwasduringthemorepleasantweatherthatin
c1KJ.xhtml,image_rsrc5KH.jpg,chap035_img002.jpg,35,chapter_035.xhtml,MID,"in one of those southern whalesmen, on a long three or four years'","concerning all this, it is much to be deplored that",inoneofthosesouthernwhalesmenonalongthreeorfouryears,concerningallthisitismuchtobedeploredthat
c1KJ.xhtml,image_rsrc5KJ.jpg,chap035_img003.jpg,35,chapter_035.xhtml,BOTTOM,"there is no life in thee, now, except that rocking life imparted by",,thereisnolifeintheenowexceptthatrockinglifeimpartedby,
c1MF.xhtml,image_rsrc5KK.jpg,chap036_img001.jpg,36,chapter_036.xhtml,TOP,,"[enter ahab: then, all]",,enterahabthenall
c1MF.xhtml,image_rsrc5KM.jpg,chap036_img002.jpg,36,chapter_036.xhtml,MID,"""who told thee that?"" cried ahab; then pausing, ""aye, starbuck; aye, my hearties","""aye, aye!"" shouted the harpooneers and seamen, running closer to",whotoldtheethatcriedahabthenpausingayestarbuckayemyhearties,ayeayeshoutedtheharpooneersandseamenrunningcloserto
c1MF.xhtml,image_rsrc5KN.jpg,chap036_img003.jpg,36,chapter_036.xhtml,BOTTOM,"""now, three to three, ye stand. commend the murderous chalices! bestow them, ye",,nowthreetothreeyestandcommendthemurderouschalicesbestowthemye,
c1PJ.xhtml,image_rsrc5KP.jpg,chap037_img001.jpg,37,chapter_037.xhtml,TOP,,"[the cabin; by the stern windows; ahab sitting alone,",,thecabinbythesternwindowsahabsittingalone
c1PJ.xhtml,image_rsrc5KR.jpg,chap037_img002.jpg,37,chapter_037.xhtml,BOTTOM,"'twas not so hard a task. i thought to find one stubborn, at",,twasnotsohardataskithoughttofindonestubbornat,
c1R2.xhtml,image_rsrc5KS.jpg,chap038_img001.jpg,38,chapter_038.xhtml,TOP,,[by the mainmast; starbuck leaning against it],,bythemainmaststarbuckleaningagainstit
c1R2.xhtml,image_rsrc5KT.jpg,chap038_img002.jpg,38,chapter_038.xhtml,BOTTOM,"oh, god! to sail with such a heathen crew that have small touch",,ohgodtosailwithsuchaheathencrewthathavesmalltouch,
c1RJ.xhtml,image_rsrc5KU.jpg,chap039_img001.jpg,39,chapter_039.xhtml,TOP,,"fore-top [stubb solus, and mending a brace]",,foretopstubbsolusandmendingabrace
c1RJ.xhtml,image_rsrc5KV.jpg,chap039_img002.jpg,39,chapter_039.xhtml,BOTTOM,"a brave stave that—who calls? mr. starbuck? aye, aye, sir—( aside ) he's",,abravestavethatwhocallsmrstarbuckayeayesirasidehes,
c1S5.xhtml,image_rsrc5KW.jpg,chap040_img001.jpg,40,chapter_040.xhtml,TOP,,page 169,,page
c1S5.xhtml,image_rsrc5KX.jpg,chap040_img002.jpg,40,chapter_040.xhtml,MID,blood! but that old man's a grand old cove! we are the lads,,bloodbutthatoldmansagrandoldcovewearethelads,
c1S5.xhtml,image_rsrc5KY.jpg,chap040_img003.jpg,40,chapter_040.xhtml,BOTTOM,"jollies? lord help such jollies! crish, crash! there goes the",,jollieslordhelpsuchjolliescrishcrashtheregoesthe,
c1W5.xhtml,image_rsrc5KZ.jpg,chap041_img001.jpg,41,chapter_041.xhtml,TOP,,"i, ishmael , was one of that crew; my",,iishmaelwasoneofthatcrewmy
c1W5.xhtml,image_rsrc5M0.jpg,chap041_img002.jpg,41,chapter_041.xhtml,MID,"the rest of his body was so streaked, and spotted, and marbled with","nor was it his unwonted magnitude, nor his remarkable hue,",therestofhisbodywassostreakedandspottedandmarbledwith,norwasithisunwontedmagnitudenorhisremarkablehue
c1W5.xhtml,image_rsrc5M1.jpg,chap041_img003.jpg,41,chapter_041.xhtml,BOTTOM,"here, then, was this grey-headed, ungodly old man, chasing with curses a job's",,herethenwasthisgreyheadedungodlyoldmanchasingwithcursesajobs,
c1XB.xhtml,image_rsrc5M2.jpg,chap042_img001.jpg,42,chapter_042.xhtml,TOP,,"what the white whale was to ahab, has been",,whatthewhitewhalewastoahabhasbeen
c1XB.xhtml,image_rsrc5M3.jpg,chap042_img002.jpg,42,chapter_042.xhtml,MID,"first: the mariner, when drawing nigh the coasts of foreign lands, if by","second: to the native indian of peru, the continual sight",firstthemarinerwhendrawingnighthecoastsofforeignlandsifby,secondtothenativeindianofperuthecontinualsight
c1XB.xhtml,image_rsrc5M4.jpg,chap042_img003.jpg,42,chapter_042.xhtml,BOTTOM,is it that by its indefiniteness it shadows forth the heartless voids and,,isitthatbyitsindefinitenessitshadowsforththeheartlessvoidsand,
c1YV.xhtml,image_rsrc5M5.jpg,chap043_img001.jpg,43,chapter_043.xhtml,TOP,,"""hist! did you hear that noise, cabaco?""",,histdidyouhearthatnoisecabaco
c1YV.xhtml,image_rsrc5M6.jpg,chap043_img002.jpg,43,chapter_043.xhtml,BOTTOM,"""tish! the bucket!""",,tishthebucket,
c1ZM.xhtml,image_rsrc5M7.jpg,chap044_img001.jpg,44,chapter_044.xhtml,TOP,,had you followed captain ahab down into his cabin,,hadyoufollowedcaptainahabdownintohiscabin
c1ZM.xhtml,image_rsrc5M8.jpg,chap044_img002.jpg,44,chapter_044.xhtml,BOTTOM,"often, when forced from his hammock by exhausting and intolerably vivid dreams of",,oftenwhenforcedfromhishammockbyexhaustingandintolerablyvividdreamsof,
c20C.xhtml,image_rsrc5M9.jpg,chap045_img001.jpg,45,chapter_045.xhtml,TOP,,so far as what there may be of a,,sofaraswhattheremaybeofa
c20C.xhtml,image_rsrc5MA.jpg,chap045_img002.jpg,45,chapter_045.xhtml,MID,secondly: people ashore have indeed some indefinite idea that a whale is an,but fortunately the special point i here seek can be,secondlypeopleashorehaveindeedsomeindefiniteideathatawhaleisan,butfortunatelythespecialpointihereseekcanbe
c20C.xhtml,image_rsrc5MB.jpg,chap045_img003.jpg,45,chapter_045.xhtml,BOTTOM,"in the propontis, as far as i can learn, none of that peculiar",,inthepropontisasfarasicanlearnnoneofthatpeculiar,
c21N.xhtml,image_rsrc5MC.jpg,chap046_img001.jpg,46,chapter_046.xhtml,TOP,,"though, consumed with the hot fire of his",,thoughconsumedwiththehotfireofhis
c21N.xhtml,image_rsrc5MD.jpg,chap046_img002.jpg,46,chapter_046.xhtml,MID,to accomplish his object ahab must use tools; and of all tools used,nor was ahab unmindful of another thing. in times of,toaccomplishhisobjectahabmustusetoolsandofalltoolsused,norwasahabunmindfulofanotherthingintimesof
c21N.xhtml,image_rsrc5ME.jpg,chap046_img003.jpg,46,chapter_046.xhtml,BOTTOM,"be all this as it may, his voice was now often heard hailing",,beallthisasitmayhisvoicewasnowoftenheardhailing,
c229.xhtml,image_rsrc5MF.jpg,chap047_img001.jpg,47,chapter_047.xhtml,TOP,,"it was a cloudy, sultry afternoon; the seamen were",,itwasacloudysultryafternoontheseamenwere
c229.xhtml,image_rsrc5MG.jpg,chap047_img002.jpg,47,chapter_047.xhtml,BOTTOM,but at this critical instant a sudden exclamation was heard that took every,,butatthiscriticalinstantasuddenexclamationwasheardthattookevery,
c233.xhtml,image_rsrc5MH.jpg,chap048_img001.jpg,48,chapter_048.xhtml,TOP,,"the phantoms, for so they then seemed, were flitting",,thephantomsforsotheythenseemedwereflitting
c233.xhtml,image_rsrc5MJ.jpg,chap048_img002.jpg,48,chapter_048.xhtml,MID,all four boats were now in keen pursuit of that one spot of,"""pull, pull, my good boys,"" said starbuck, in the lowest",allfourboatswerenowinkeenpursuitofthatonespotof,pullpullmygoodboyssaidstarbuckinthelowest
c233.xhtml,image_rsrc5MK.jpg,chap048_img003.jpg,48,chapter_048.xhtml,MID,the wind increased to a howl; the waves dashed their bucklers together; the,"wet, drenched through, and shivering cold, despairing of ship or",thewindincreasedtoahowlthewavesdashedtheirbucklerstogetherthe,wetdrenchedthroughandshiveringcolddespairingofshipor
c254.xhtml,image_rsrc5MM.jpg,chap049_img001.jpg,49,chapter_049.xhtml,TOP,,there are certain queer times and occasions in this,,therearecertainqueertimesandoccasionsinthis
c25N.xhtml,image_rsrc5MN.jpg,chap050_img001.jpg,50,chapter_050.xhtml,TOP,,"who would have thought it, flask!"" cried stubb; ""if",,whowouldhavethoughtitflaskcriedstubbif
c25N.xhtml,image_rsrc5MP.jpg,chap050_img002.jpg,50,chapter_050.xhtml,BOTTOM,"but be all this as it may, certain it is that while the",,butbeallthisasitmaycertainitisthatwhilethe,
c269.xhtml,image_rsrc5MR.jpg,chap051_img001.jpg,51,chapter_051.xhtml,TOP,,"days, weeks passed, and under easy sail, the",,daysweekspassedandundereasysailthe
c269.xhtml,image_rsrc5MS.jpg,chap051_img002.jpg,51,chapter_051.xhtml,MID,"these temporary apprehensions, so vague but so awful, derived a wondrous potency from","but, at last, when turning to the eastward, the cape",thesetemporaryapprehensionssovaguebutsoawfulderivedawondrouspotencyfrom,butatlastwhenturningtotheeastwardthecape
c269.xhtml,image_rsrc5MT.jpg,chap051_img003.jpg,51,chapter_051.xhtml,BOTTOM,"terrible old man! thought starbuck with a shudder, sleeping in this gale, still",,terribleoldmanthoughtstarbuckwithashuddersleepinginthisgalestill,
c275.xhtml,image_rsrc5MU.jpg,chap052_img001.jpg,52,chapter_052.xhtml,TOP,,"south-eastward from the cape, off the distant crozetts,",,southeastwardfromthecapeoffthedistantcrozetts
c27N.xhtml,image_rsrc5MV.jpg,chap053_img001.jpg,53,chapter_053.xhtml,TOP,,the ostensible reason why ahab did not go on,,theostensiblereasonwhyahabdidnotgoon
c27N.xhtml,image_rsrc5MW.jpg,chap053_img002.jpg,53,chapter_053.xhtml,BOTTOM,there is another little item about gamming which must not be forgotten here.,,thereisanotherlittleitemaboutgammingwhichmustnotbeforgottenhere,
c289.xhtml,image_rsrc5MX.jpg,chap054_img001.jpg,54,chapter_054.xhtml,TOP,,[as told at the golden inn],,astoldatthegoldeninn
c289.xhtml,image_rsrc5MY.jpg,chap054_img002.jpg,54,chapter_054.xhtml,BOTTOM,"""'so help me heaven, and on my honor the story i have told",,sohelpmeheavenandonmyhonorthestoryihavetold,
c2C7.xhtml,image_rsrc5MZ.jpg,chap055_img001.jpg,55,chapter_055.xhtml,TOP,,i shall ere long paint to you as well as,,ishallerelongpainttoyouaswellas
c2C7.xhtml,image_rsrc5N0.jpg,chap055_img002.jpg,55,chapter_055.xhtml,BOTTOM,"for all these reasons, then, any way you may look at it, you",,forallthesereasonsthenanywayyoumaylookatityou,
c2D1.xhtml,image_rsrc5N1.jpg,chap056_img001.jpg,56,chapter_056.xhtml,TOP,,"in connexion with the monstrous pictures of whales, i",,inconnexionwiththemonstrouspicturesofwhalesi
c2D1.xhtml,image_rsrc5N2.jpg,chap056_img002.jpg,56,chapter_056.xhtml,MID,the natural aptitude of the french for seizing the picturesqueness of things seems,"in addition to those fine engravings from garnery, there are",thenaturalaptitudeofthefrenchforseizingthepicturesquenessofthingsseems,inadditiontothosefineengravingsfromgarnerythereare
c2D1.xhtml,image_rsrc5N3.jpg,chap056_img003.jpg,56,chapter_056.xhtml,BOTTOM,"in addition to those fine engravings from garnery, there are two other french",,inadditiontothosefineengravingsfromgarnerytherearetwootherfrench,
c2DR.xhtml,image_rsrc5N4.jpg,chap057_img001.jpg,57,chapter_057.xhtml,TOP,,"on tower-hill, as you go down to the london",,ontowerhillasyougodowntothelondon
c2DR.xhtml,image_rsrc5N5.jpg,chap057_img002.jpg,57,chapter_057.xhtml,BOTTOM,"with a frigate's anchors for my bridle-bitts and fasces of harpoons for spurs,",,withafrigatesanchorsformybridlebittsandfascesofharpoonsforspurs,
c2EE.xhtml,image_rsrc5N6.jpg,chap058_img001.jpg,58,chapter_058.xhtml,TOP,,"steering north-eastward from the crozetts, we fell in with",,steeringnortheastwardfromthecrozettswefellinwith
c2EE.xhtml,image_rsrc5N7.jpg,chap058_img002.jpg,58,chapter_058.xhtml,BOTTOM,"consider all this; and then turn to this green, gentle, and most docile",,considerallthisandthenturntothisgreengentleandmostdocile,
c2F6.xhtml,image_rsrc5N8.jpg,chap059_img001.jpg,59,chapter_059.xhtml,TOP,,"slowly wading through the meadows of brit, the pequod",,slowlywadingthroughthemeadowsofbritthepequod
c2F6.xhtml,image_rsrc5N9.jpg,chap059_img002.jpg,59,chapter_059.xhtml,BOTTOM,"by some naturalists who have vaguely heard rumors of the mysterious creature, here",,bysomenaturalistswhohavevaguelyheardrumorsofthemysteriouscreaturehere,
c2FY.xhtml,image_rsrc5NA.jpg,chap060_img001.jpg,60,chapter_060.xhtml,TOP,,with reference to the whaling scene shortly to be,,withreferencetothewhalingsceneshortlytobe
c2GG.xhtml,image_rsrc5NB.jpg,chap061_img001.jpg,61,chapter_061.xhtml,TOP,,if to starbuck the apparition of the squid was,,iftostarbucktheapparitionofthesquidwas
c2GG.xhtml,image_rsrc5NC.jpg,chap061_img002.jpg,61,chapter_061.xhtml,BOTTOM,"""yes; both pipes smoked out!"" and withdrawing his own from his mouth, stubb",,yesbothpipessmokedoutandwithdrawinghisownfromhismouthstubb,
c2HM.xhtml,image_rsrc5ND.jpg,chap062_img001.jpg,62,chapter_062.xhtml,TOP,,a word concerning an incident in the last chapter.,,awordconcerninganincidentinthelastchapter
c2HM.xhtml,image_rsrc5NE.jpg,chap062_img002.jpg,62,chapter_062.xhtml,MID,"according to the invariable usage of the fishery, the whale-boat pushes off from","again, if the dart be successful, then at the second",accordingtotheinvariableusageofthefisherythewhaleboatpushesofffrom,againifthedartbesuccessfulthenatthesecond
c2J4.xhtml,image_rsrc5NF.jpg,chap063_img001.jpg,63,chapter_063.xhtml,TOP,,"out of the trunk, the branches grow; out of",,outofthetrunkthebranchesgrowoutof
c2JH.xhtml,image_rsrc5NG.jpg,chap064_img001.jpg,64,chapter_064.xhtml,TOP,,stubb's whale had been killed some distance from the,,stubbswhalehadbeenkilledsomedistancefromthe
c2MN.xhtml,image_rsrc5NH.jpg,chap065_img001.jpg,65,chapter_065.xhtml,TOP,,that mortal man should feed upon the creature that,,thatmortalmanshouldfeeduponthecreaturethat
c2MN.xhtml,image_rsrc5NJ.jpg,chap065_img002.jpg,65,chapter_065.xhtml,BOTTOM,"but stubb, he eats the whale by its own light, does he? and",,butstubbheeatsthewhalebyitsownlightdoesheand,
c2N7.xhtml,image_rsrc5NK.jpg,chap066_img001.jpg,66,chapter_066.xhtml,TOP,,"when in the southern fishery, a captured sperm whale,",,wheninthesouthernfisheryacapturedspermwhale
c2N7.xhtml,image_rsrc5NM.jpg,chap066_img002.jpg,66,chapter_066.xhtml,BOTTOM,"""queequeg no care what god made him shark,"" said the savage, agonizingly lifting",,queequegnocarewhatgodmadehimsharksaidthesavageagonizinglylifting,
c2NS.xhtml,image_rsrc5NN.jpg,chap067_img001.jpg,67,chapter_067.xhtml,TOP,,"it was a saturday night, and such a sabbath",,itwasasaturdaynightandsuchasabbath
c2NS.xhtml,image_rsrc5NP.jpg,chap067_img002.jpg,67,chapter_067.xhtml,BOTTOM,"one of the attending harpooneers now advances with a long, keen weapon called",,oneoftheattendingharpooneersnowadvanceswithalongkeenweaponcalled,
c2P6.xhtml,image_rsrc5NR.jpg,chap068_img001.jpg,68,chapter_068.xhtml,TOP,,i have given no small attention to that not unvexed,,ihavegivennosmallattentiontothatnotunvexed
c2P6.xhtml,image_rsrc5NS.jpg,chap068_img002.jpg,68,chapter_068.xhtml,BOTTOM,"but how easy and how hopeless to teach these fine things! of erections,",,buthoweasyandhowhopelesstoteachthesefinethingsoferections,
c2PU.xhtml,image_rsrc5NT.jpg,chap069_img001.jpg,69,chapter_069.xhtml,TOP,,haul in the chains! let the carcase go astern!"",,haulinthechainsletthecarcasegoastern
c2R8.xhtml,image_rsrc5NU.jpg,chap070_img001.jpg,70,chapter_070.xhtml,TOP,,it should not have been omitted that previous to,,itshouldnothavebeenomittedthatpreviousto
c2R8.xhtml,image_rsrc5NV.jpg,chap070_img002.jpg,70,chapter_070.xhtml,BOTTOM,"""better and better, man. would now st. paul would come along that way,",,betterandbettermanwouldnowstpaulwouldcomealongthatway,
c2RY.xhtml,image_rsrc5NW.jpg,chap071_img001.jpg,71,chapter_071.xhtml,TOP,,"hand in hand, ship and breeze blew on; but",,handinhandshipandbreezeblewonbut
c2RY.xhtml,image_rsrc5NX.jpg,chap071_img002.jpg,71,chapter_071.xhtml,BOTTOM,"as, after this interlude, the seamen resumed their work upon the jacket of",,asafterthisinterludetheseamenresumedtheirworkuponthejacketof,
c2T6.xhtml,image_rsrc5NY.jpg,chap072_img001.jpg,72,chapter_072.xhtml,TOP,,in the tumultuous business of cutting-in and attending to,,inthetumultuousbusinessofcuttinginandattendingto
c2U3.xhtml,image_rsrc5NZ.jpg,chap073_img001.jpg,73,chapter_073.xhtml,TOP,,it must be borne in mind that all this,,itmustbeborneinmindthatallthis
c2U3.xhtml,image_rsrc5P0.jpg,chap073_img002.jpg,73,chapter_073.xhtml,BOTTOM,"meantime, fedallah was calmly eyeing the right whale's head, and ever and anon",,meantimefedallahwascalmlyeyeingtherightwhalesheadandeverandanon,
c2VS.xhtml,image_rsrc5P1.jpg,chap074_img001.jpg,74,chapter_074.xhtml,TOP,,"here, now, are two great whales, laying their",,herenowaretwogreatwhaleslayingtheir
c2VS.xhtml,image_rsrc5P2.jpg,chap074_img002.jpg,74,chapter_074.xhtml,MID,"now, from this peculiar sideway position of the whale's eyes, it is plain","moreover, while in most other animals that i can now",nowfromthispeculiarsidewaypositionofthewhaleseyesitisplain,moreoverwhileinmostotheranimalsthaticannow
c2WH.xhtml,image_rsrc5P3.jpg,chap075_img001.jpg,75,chapter_075.xhtml,TOP,,"crossing the deck, let us now have a good",,crossingthedeckletusnowhaveagood
c2WH.xhtml,image_rsrc5P4.jpg,chap075_img002.jpg,75,chapter_075.xhtml,BOTTOM,can you catch the expression of the sperm whale's there? it is the,,canyoucatchtheexpressionofthespermwhalesthereitisthe,
c2X8.xhtml,image_rsrc5P5.jpg,chap076_img001.jpg,76,chapter_076.xhtml,TOP,,"ere quitting, for the nonce, the sperm whale's head,",,erequittingforthenoncethespermwhaleshead
c2X8.xhtml,image_rsrc5P6.jpg,chap076_img002.jpg,76,chapter_076.xhtml,MID,"you observe that in the ordinary swimming position of the sperm whale, the","bethink yourself also of another thing. when two large, loaded",youobservethatintheordinaryswimmingpositionofthespermwhalethe,bethinkyourselfalsoofanotherthingwhentwolargeloaded
c2X8.xhtml,image_rsrc5P7.jpg,chap076_img003.jpg,76,chapter_076.xhtml,BOTTOM,"now, mark. unerringly impelling this dead, impregnable, uninjurable wall, and this most buoyant",,nowmarkunerringlyimpellingthisdeadimpregnableuninjurablewallandthismostbuoyant,
c2XU.xhtml,image_rsrc5P8.jpg,chap077_img001.jpg,77,chapter_077.xhtml,TOP,,now comes the baling of the case. but to,,nowcomesthebalingofthecasebutto
c2XU.xhtml,image_rsrc5P9.jpg,chap077_img002.jpg,77,chapter_077.xhtml,BOTTOM,"thus much being said, attend now, i pray you, to that marvellous and—in",,thusmuchbeingsaidattendnowiprayyoutothatmarvellousandin,
c2YG.xhtml,image_rsrc5PA.jpg,chap078_img001.jpg,78,chapter_078.xhtml,TOP,,"nimble as a cat, tashtego mounts aloft; and without",,nimbleasacattashtegomountsaloftandwithout
c2Z7.xhtml,image_rsrc5PB.jpg,chap079_img001.jpg,79,chapter_079.xhtml,TOP,,"to scan the lines of his face, or feel",,toscanthelinesofhisfaceorfeel
c2Z7.xhtml,image_rsrc5PC.jpg,chap079_img002.jpg,79,chapter_079.xhtml,BOTTOM,champollion deciphered the wrinkled granite hieroglyphics. but there is no champollion to decipher,,champolliondecipheredthewrinkledgranitehieroglyphicsbutthereisnochampolliontodecipher,
c2ZS.xhtml,image_rsrc5PD.jpg,chap080_img001.jpg,80,chapter_080.xhtml,TOP,,"if the sperm whale be physiognomically a sphinx, to",,ifthespermwhalebephysiognomicallyasphinxto
c2ZS.xhtml,image_rsrc5PE.jpg,chap080_img002.jpg,80,chapter_080.xhtml,BOTTOM,"but leaving this hint to operate as it may with the phrenologists, i",,butleavingthishinttooperateasitmaywiththephrenologistsi,
c30B.xhtml,image_rsrc5PF.jpg,chap081_img001.jpg,81,chapter_081.xhtml,TOP,,"the predestinated day arrived, and we duly met the",,thepredestinateddayarrivedandwedulymetthe
c30B.xhtml,image_rsrc5PG.jpg,chap081_img002.jpg,81,chapter_081.xhtml,BOTTOM,"oh! many are the fin-backs, and many are the dericks, my friend.",,ohmanyarethefinbacksandmanyarethedericksmyfriend,
c326.xhtml,image_rsrc5PH.jpg,chap082_img001.jpg,82,chapter_082.xhtml,TOP,,there are some enterprises in which a careful disorderliness,,therearesomeenterprisesinwhichacarefuldisorderliness
c326.xhtml,image_rsrc5PJ.jpg,chap082_img002.jpg,82,chapter_082.xhtml,BOTTOM,"perseus, st. george, hercules, jonah, and vishnoo! there's a member-roll for you! what",,perseusstgeorgeherculesjonahandvishnootheresamemberrollforyouwhat,
c32U.xhtml,image_rsrc5PK.jpg,chap083_img001.jpg,83,chapter_083.xhtml,TOP,,reference was made to the historical story of jonah,,referencewasmadetothehistoricalstoryofjonah
c337.xhtml,image_rsrc5PM.jpg,chap084_img001.jpg,84,chapter_084.xhtml,TOP,,"to make them run easily and swiftly, the axles",,tomakethemruneasilyandswiftlytheaxles
c337.xhtml,image_rsrc5PN.jpg,chap084_img002.jpg,84,chapter_084.xhtml,MID,"but before going further, it is important to mention here, that though the","look now at stubb; a man who from his humorous,",butbeforegoingfurtheritisimportanttomentionherethatthoughthe,looknowatstubbamanwhofromhishumorous
c33U.xhtml,image_rsrc5PP.jpg,chap085_img001.jpg,85,chapter_085.xhtml,TOP,,that for six thousand years—and no one knows how,,thatforsixthousandyearsandnooneknowshow
c34E.xhtml,image_rsrc5PR.jpg,chap086_img001.jpg,86,chapter_086.xhtml,TOP,,other poets have warbled the praises of the soft,,otherpoetshavewarbledthepraisesofthesoft
c34E.xhtml,image_rsrc5PS.jpg,chap086_img002.jpg,86,chapter_086.xhtml,BOTTOM,"the more i consider this mighty tail, the more do i deplore my",,themoreiconsiderthismightytailthemoredoideploremy,
c359.xhtml,image_rsrc5PT.jpg,chap087_img001.jpg,87,chapter_087.xhtml,TOP,,"the long and narrow peninsula of malacca, extending south-eastward",,thelongandnarrowpeninsulaofmalaccaextendingsoutheastward
c359.xhtml,image_rsrc5PU.jpg,chap087_img002.jpg,87,chapter_087.xhtml,MID,"but agonizing as was the wound of this whale, and an appalling spectacle",this terrific object seemed to recall the whole herd from,butagonizingaswasthewoundofthiswhaleandanappallingspectacle,thisterrificobjectseemedtorecallthewholeherdfrom
c359.xhtml,image_rsrc5PV.jpg,chap087_img003.jpg,87,chapter_087.xhtml,BOTTOM,the result of this lowering was somewhat illustrative of that sagacious saying in,,theresultofthisloweringwassomewhatillustrativeofthatsagacioussayingin,
c36V.xhtml,image_rsrc5PW.jpg,chap088_img001.jpg,88,chapter_088.xhtml,TOP,,the previous chapter gave account of an immense body,,thepreviouschaptergaveaccountofanimmensebody
c36V.xhtml,image_rsrc5PX.jpg,chap088_img002.jpg,88,chapter_088.xhtml,BOTTOM,another point of difference between the male and female schools is still more,,anotherpointofdifferencebetweenthemaleandfemaleschoolsisstillmore,
c37H.xhtml,image_rsrc5PY.jpg,chap089_img001.jpg,89,chapter_089.xhtml,TOP,,the allusion to the waifs and waif-poles in the,,theallusiontothewaifsandwaifpolesinthe
c37H.xhtml,image_rsrc5PZ.jpg,chap089_img002.jpg,89,chapter_089.xhtml,MID,some fifty years ago there was a curious case of whale-trover litigated in,mr. erskine was counsel for the defendants; lord ellenborough was,somefiftyyearsagotherewasacuriouscaseofwhaletroverlitigatedin,mrerskinewascounselforthedefendantslordellenboroughwas
c38D.xhtml,image_rsrc5R0.jpg,chap090_img001.jpg,90,chapter_090.xhtml,TOP,,"""de balena vero sufficit, si rex habeat caput, et",,debalenaverosufficitsirexhabeatcaputet
c39D.xhtml,image_rsrc5R1.jpg,chap091_img001.jpg,91,chapter_091.xhtml,TOP,,"""in vain it was to rake for ambergriese in",,invainitwastorakeforambergriesein
c3B8.xhtml,image_rsrc5R2.jpg,chap092_img001.jpg,92,chapter_092.xhtml,TOP,,"now this ambergris is a very curious substance, and",,nowthisambergrisisaverycurioussubstanceand
c3B8.xhtml,image_rsrc5R3.jpg,chap092_img002.jpg,92,chapter_092.xhtml,BOTTOM,"i partly surmise also, that this wicked charge against whalers may be likewise",,ipartlysurmisealsothatthiswickedchargeagainstwhalersmaybelikewise,
c3BV.xhtml,image_rsrc5R4.jpg,chap093_img001.jpg,93,chapter_093.xhtml,TOP,,it was but some few days after encountering the,,itwasbutsomefewdaysafterencounteringthe
c3BV.xhtml,image_rsrc5R5.jpg,chap093_img002.jpg,93,chapter_093.xhtml,BOTTOM,"for the rest, blame not stubb too hardly. the thing is common in",,fortherestblamenotstubbtoohardlythethingiscommonin,
c3CN.xhtml,image_rsrc5R6.jpg,chap094_img001.jpg,94,chapter_094.xhtml,TOP,,"that whale of stubb's, so dearly purchased, was duly",,thatwhaleofstubbssodearlypurchasedwasduly
c3CN.xhtml,image_rsrc5R7.jpg,chap094_img002.jpg,94,chapter_094.xhtml,BOTTOM,"but to learn all about these recondite matters, your best way is at",,buttolearnallaboutthesereconditemattersyourbestwayisat,
c3DF.xhtml,image_rsrc5R8.jpg,chap095_img001.jpg,95,chapter_095.xhtml,TOP,,had you stepped on board the pequod at a,,hadyousteppedonboardthepequodata
c3DW.xhtml,image_rsrc5R9.jpg,chap096_img001.jpg,96,chapter_096.xhtml,TOP,,"besides her hoisted boats, an american whaler is outwardly",,besidesherhoistedboatsanamericanwhalerisoutwardly
c3EG.xhtml,image_rsrc5RA.jpg,chap097_img001.jpg,97,chapter_097.xhtml,TOP,,had you descended from the pequod's try-works to the,,hadyoudescendedfromthepequodstryworkstothe
c3EV.xhtml,image_rsrc5RB.jpg,chap098_img001.jpg,98,chapter_098.xhtml,TOP,,already has it been related how the great leviathan,,alreadyhasitbeenrelatedhowthegreatleviathan
c3EV.xhtml,image_rsrc5RC.jpg,chap098_img002.jpg,98,chapter_098.xhtml,BOTTOM,"oh! the metempsychosis! oh! pythagoras, that in bright greece, two thousand years ago,",,ohthemetempsychosisohpythagorasthatinbrightgreecetwothousandyearsago,
c3FF.xhtml,image_rsrc5RD.jpg,chap099_img001.jpg,99,chapter_099.xhtml,TOP,,ere now it has been related how ahab was,,erenowithasbeenrelatedhowahabwas
c3FF.xhtml,image_rsrc5RE.jpg,chap099_img002.jpg,99,chapter_099.xhtml,MID,"""there now's the old mogul,"" soliloquized stubb by the try-works, ""he's been twigging","""i see nothing here, but a round thing made of",therenowstheoldmogulsoliloquizedstubbbythetryworkshesbeentwigging,iseenothingherebutaroundthingmadeof
c3GG.xhtml,image_rsrc5RF.jpg,chap100_img001.jpg,100,chapter_100.xhtml,TOP,,"ship, ahoy! hast seen the white whale?""",,shipahoyhastseenthewhitewhale
c3GG.xhtml,image_rsrc5RG.jpg,chap100_img002.jpg,100,chapter_100.xhtml,MID,"as good luck would have it, they had had a whale alongside","""the white whale"", said the englishman, pointing his ivory",asgoodluckwouldhaveittheyhadhadawhalealongside,thewhitewhalesaidtheenglishmanpointinghisivory
c3GG.xhtml,image_rsrc5RH.jpg,chap100_img003.jpg,100,chapter_100.xhtml,BOTTOM,"in a moment he was standing in the boat's stern, and the manilla",,inamomenthewasstandingintheboatssternandthemanilla,
c3J8.xhtml,image_rsrc5RJ.jpg,chap101_img001.jpg,101,chapter_101.xhtml,TOP,,"ere the english ship fades from sight, be it",,eretheenglishshipfadesfromsightbeit
c3J8.xhtml,image_rsrc5RK.jpg,chap101_img002.jpg,101,chapter_101.xhtml,BOTTOM,but no more; enough has been said to show that the old dutch,,butnomoreenoughhasbeensaidtoshowthattheolddutch,
c3KC.xhtml,image_rsrc5RM.jpg,chap102_img001.jpg,102,chapter_102.xhtml,TOP,,"hitherto, in descriptively treating of the sperm whale,",,hithertoindescriptivelytreatingofthespermwhale
c3KC.xhtml,image_rsrc5RN.jpg,chap102_img002.jpg,102,chapter_102.xhtml,BOTTOM,the skeleton dimensions i shall now proceed to set down are copied verbatim,,theskeletondimensionsishallnowproceedtosetdownarecopiedverbatim,
c3M6.xhtml,image_rsrc5RP.jpg,chap103_img001.jpg,103,chapter_103.xhtml,TOP,,"in the first place, i wish to lay before",,inthefirstplaceiwishtolaybefore
c3M6.xhtml,image_rsrc5RR.jpg,chap103_img002.jpg,103,chapter_103.xhtml,BOTTOM,"copied verbatim from my right arm, where i had them tattooed",,copiedverbatimfrommyrightarmwhereihadthemtattooed,
c3MX.xhtml,image_rsrc5RS.jpg,chap104_img001.jpg,104,chapter_104.xhtml,TOP,,from his mighty bulk the whale affords a most,,fromhismightybulkthewhaleaffordsamost
c3NG.xhtml,image_rsrc5RT.jpg,chap105_img001.jpg,105,chapter_105.xhtml,TOP,,"inasmuch, then, as this leviathan comes floundering down",,inasmuchthenasthisleviathancomesflounderingdown
c3NG.xhtml,image_rsrc5RU.jpg,chap105_img002.jpg,105,chapter_105.xhtml,MID,but still another inquiry remains; one often agitated by the more recondite nantucketers.,comparing the humped herds of whales with the humped herds,butstillanotherinquiryremainsoneoftenagitatedbythemorereconditenantucketers,comparingthehumpedherdsofwhaleswiththehumpedherds
c3NG.xhtml,image_rsrc5RV.jpg,chap105_img003.jpg,105,chapter_105.xhtml,BOTTOM,"wherefore, for all these things, we account the whale immortal in his species,",,whereforeforallthesethingsweaccountthewhaleimmortalinhisspecies,
c3PD.xhtml,image_rsrc5RW.jpg,chap106_img001.jpg,106,chapter_106.xhtml,TOP,,the precipitating manner in which captain ahab had quitted,,theprecipitatingmannerinwhichcaptainahabhadquitted
c3PD.xhtml,image_rsrc5RX.jpg,chap106_img002.jpg,106,chapter_106.xhtml,BOTTOM,"and when that functionary appeared before him, he bade him without delay set",,andwhenthatfunctionaryappearedbeforehimhebadehimwithoutdelayset,
c3PZ.xhtml,image_rsrc5RY.jpg,chap107_img001.jpg,107,chapter_107.xhtml,TOP,,"seat thyself sultanically among the moons of saturn, and",,seatthyselfsultanicallyamongthemoonsofsaturnand
c3PZ.xhtml,image_rsrc5RZ.jpg,chap107_img002.jpg,107,chapter_107.xhtml,BOTTOM,"yet, as previously hinted, this omnitooled, open-and-shut carpenter, was, after all, no mere",,yetaspreviouslyhintedthisomnitooledopenandshutcarpenterwasafterallnomere,
c3RG.xhtml,image_rsrc5S0.jpg,chap108_img001.jpg,108,chapter_108.xhtml,TOP,,the deck—first night watch,,thedeckfirstnightwatch
c3RG.xhtml,image_rsrc5S1.jpg,chap108_img002.jpg,108,chapter_108.xhtml,BOTTOM,"well, well, well! stubb knows him best of all, and stubb always says",,wellwellwellstubbknowshimbestofallandstubbalwayssays,
c3T3.xhtml,image_rsrc5S2.jpg,chap109_img001.jpg,109,chapter_109.xhtml,TOP,,according to usage they were pumping the ship next,,accordingtousagetheywerepumpingtheshipnext
c3T3.xhtml,image_rsrc5S3.jpg,chap109_img002.jpg,109,chapter_109.xhtml,BOTTOM,"it were perhaps vain to surmise exactly why it was, that as respecting",,itwereperhapsvaintosurmiseexactlywhyitwasthatasrespecting,
c3U3.xhtml,image_rsrc5S4.jpg,chap110_img001.jpg,110,chapter_110.xhtml,TOP,,"upon searching, it was found that the casks last",,uponsearchingitwasfoundthatthecaskslast
c3U3.xhtml,image_rsrc5S5.jpg,chap110_img002.jpg,110,chapter_110.xhtml,BOTTOM,"with a wild whimsiness, he now used his coffin for a sea-chest; and",,withawildwhimsinesshenowusedhiscoffinforaseachestand,
c3V1.xhtml,image_rsrc5S6.jpg,chap111_img001.jpg,111,chapter_111.xhtml,TOP,,when gliding by the bashee isles we emerged at,,whenglidingbythebasheeislesweemergedat
c3V1.xhtml,image_rsrc5S7.jpg,chap111_img002.jpg,111,chapter_111.xhtml,BOTTOM,"but few thoughts of pan stirred ahab's brain, as standing like an iron",,butfewthoughtsofpanstirredahabsbrainasstandinglikeaniron,
c3VG.xhtml,image_rsrc5S8.jpg,chap112_img001.jpg,112,chapter_112.xhtml,TOP,,"availing himself of the mild, summer-cool weather that now",,availinghimselfofthemildsummercoolweatherthatnow
c3W0.xhtml,image_rsrc5S9.jpg,chap113_img001.jpg,113,chapter_113.xhtml,TOP,,"with matted beard, and swathed in a bristling shark-skin",,withmattedbeardandswathedinabristlingsharkskin
c3W0.xhtml,image_rsrc5SA.jpg,chap113_img002.jpg,113,chapter_113.xhtml,BOTTOM,"at one extremity the rope was unstranded, and the separate spread yarns were",,atoneextremitytheropewasunstrandedandtheseparatespreadyarnswere,
c3X7.xhtml,image_rsrc5SB.jpg,chap114_img001.jpg,114,chapter_114.xhtml,TOP,,penetrating further and further into the heart of the,,penetratingfurtherandfurtherintotheheartofthe
c3X7.xhtml,image_rsrc5SC.jpg,chap114_img002.jpg,114,chapter_114.xhtml,BOTTOM,"""i am stubb, and stubb has his history; but here stubb takes oaths",,iamstubbandstubbhashishistorybutherestubbtakesoaths,
c3XW.xhtml,image_rsrc5SD.jpg,chap115_img001.jpg,115,chapter_115.xhtml,TOP,,and jolly enough were the sights and the sounds,,andjollyenoughwerethesightsandthesounds
c3XW.xhtml,image_rsrc5SE.jpg,chap115_img002.jpg,115,chapter_115.xhtml,BOTTOM,"and thus, while the one ship went cheerily before the breeze, the other",,andthuswhiletheoneshipwentcheerilybeforethebreezetheother,
c3YN.xhtml,image_rsrc5SF.jpg,chap116_img001.jpg,116,chapter_116.xhtml,TOP,,"not seldom in this life, when, on the right",,notseldominthislifewhenontheright
c3YN.xhtml,image_rsrc5SG.jpg,chap116_img002.jpg,116,chapter_116.xhtml,BOTTOM,"""then hail, for ever hail, o sea, in whose eternal tossings the wild",,thenhailforeverhailoseainwhoseeternaltossingsthewild,
c3Z7.xhtml,image_rsrc5SH.jpg,chap117_img001.jpg,117,chapter_117.xhtml,TOP,,the four whales slain that evening had died wide,,thefourwhalesslainthateveninghaddiedwide
c3ZY.xhtml,image_rsrc5SJ.jpg,chap118_img001.jpg,118,chapter_118.xhtml,TOP,,the season for the line at length drew near;,,theseasonforthelineatlengthdrewnear
c3ZY.xhtml,image_rsrc5SK.jpg,chap118_img002.jpg,118,chapter_118.xhtml,BOTTOM,"""aye,"" cried stubb, ""but sea-coal ashes—mind ye that, mr. starbuck—sea-coal, not your common",,ayecriedstubbbutseacoalashesmindyethatmrstarbuckseacoalnotyourcommon,
c40J.xhtml,image_rsrc5SM.jpg,chap119_img001.jpg,119,chapter_119.xhtml,TOP,,warmest climes but nurse the cruellest fangs: the tiger,,warmestclimesbutnursethecruellestfangsthetiger
c40J.xhtml,image_rsrc5SN.jpg,chap119_img002.jpg,119,chapter_119.xhtml,BOTTOM,"as in the hurricane that sweeps the plain, men fly the neighborhood of",,asinthehurricanethatsweepstheplainmenflytheneighborhoodof,
c42F.xhtml,image_rsrc5SP.jpg,chap120_img001.jpg,120,chapter_120.xhtml,TOP,,[ahab standing by the helm. starbuck approaching him.],,ahabstandingbythehelmstarbuckapproachinghim
c42Y.xhtml,image_rsrc5SR.jpg,chap121_img001.jpg,121,chapter_121.xhtml,TOP,,"[stubb and flask mounted on them, and passing additional",,stubbandflaskmountedonthemandpassingadditional
c42Y.xhtml,image_rsrc5SS.jpg,chap121_img002.jpg,121,chapter_121.xhtml,BOTTOM,"""yes, when a fellow's soaked through, it's hard to be sensible, that's a",,yeswhenafellowssoakedthroughitshardtobesensiblethatsa,
c43F.xhtml,image_rsrc5ST.jpg,chap122_img001.jpg,122,chapter_122.xhtml,TOP,,[the main-top-sail yard .— tashtego passing new lashings around,,themaintopsailyardtashtegopassingnewlashingsaround
c43T.xhtml,image_rsrc5SU.jpg,chap123_img001.jpg,123,chapter_123.xhtml,TOP,,"during the most violent shocks of the typhoon, the",,duringthemostviolentshocksofthetyphoonthe
c43T.xhtml,image_rsrc5SV.jpg,chap123_img002.jpg,123,chapter_123.xhtml,MID,"in compliance with the standing order of his commander—to report immediately, and at","ere knocking at his state-room, he involuntarily paused before it",incompliancewiththestandingorderofhiscommandertoreportimmediatelyandat,ereknockingathisstateroomheinvoluntarilypausedbeforeit
c43T.xhtml,image_rsrc5SW.jpg,chap123_img003.jpg,123,chapter_123.xhtml,BOTTOM,"""he's too sound asleep, mr. stubb; go thou down, and wake him, and",,hestoosoundasleepmrstubbgothoudownandwakehimand,
c44M.xhtml,image_rsrc5SX.jpg,chap124_img001.jpg,124,chapter_124.xhtml,TOP,,next morning the not-yet-subsided sea rolled in long slow,,nextmorningthenotyetsubsidedsearolledinlongslow
c44M.xhtml,image_rsrc5SY.jpg,chap124_img002.jpg,124,chapter_124.xhtml,BOTTOM,"in his fiery eyes of scorn and triumph, you then saw ahab in",,inhisfieryeyesofscornandtriumphyouthensawahabin,
c45N.xhtml,image_rsrc5SZ.jpg,chap125_img001.jpg,125,chapter_125.xhtml,TOP,,while now the fated pequod had been so long,,whilenowthefatedpequodhadbeensolong
c45N.xhtml,image_rsrc5T0.jpg,chap125_img002.jpg,125,chapter_125.xhtml,BOTTOM,"""there go two daft ones now,"" muttered the old manxman. ""one daft with",,theregotwodaftonesnowmutteredtheoldmanxmanonedaftwith,
c46X.xhtml,image_rsrc5T1.jpg,chap126_img001.jpg,126,chapter_126.xhtml,TOP,,"steering now south-eastward by ahab's levelled steel, and her",,steeringnowsoutheastwardbyahabslevelledsteelandher
c47S.xhtml,image_rsrc5T2.jpg,chap127_img001.jpg,127,chapter_127.xhtml,TOP,,"[the coffin laid upon two line-tubs, between the vice-bench",,thecoffinlaidupontwolinetubsbetweenthevicebench
c48R.xhtml,image_rsrc5T3.jpg,chap128_img001.jpg,128,chapter_128.xhtml,TOP,,"next day, a large ship, the rachel, was descried,",,nextdayalargeshiptherachelwasdescried
c48R.xhtml,image_rsrc5T4.jpg,chap128_img002.jpg,128,chapter_128.xhtml,MID,"it seemed that somewhat late on the afternoon of the day previous, while","the story told, the stranger captain immediately went on to",itseemedthatsomewhatlateontheafternoonofthedaypreviouswhile,thestorytoldthestrangercaptainimmediatelywentonto
c49N.xhtml,image_rsrc5T5.jpg,chap129_img001.jpg,129,chapter_129.xhtml,TOP,,[ahab moving to go on deck; pip catches him,,ahabmovingtogoondeckpipcatcheshim
c49N.xhtml,image_rsrc5T6.jpg,chap129_img002.jpg,129,chapter_129.xhtml,BOTTOM,"""here he this instant stood; i stand in his air,—but i'm alone. now",,herehethisinstantstoodistandinhisairbutimalonenow,
c4AA.xhtml,image_rsrc5T7.jpg,chap130_img001.jpg,130,chapter_130.xhtml,TOP,,"and now that at the proper time and place,",,andnowthatatthepropertimeandplace
c4B1.xhtml,image_rsrc5T8.jpg,chap131_img001.jpg,131,chapter_131.xhtml,TOP,,the intense pequod sailed on; the rolling waves and,,theintensepequodsailedontherollingwavesand
c4BN.xhtml,image_rsrc5T9.jpg,chap132_img001.jpg,132,chapter_132.xhtml,TOP,,it was a clear steel-blue day. the firmaments of,,itwasaclearsteelbluedaythefirmamentsof
c4BN.xhtml,image_rsrc5TA.jpg,chap132_img002.jpg,132,chapter_132.xhtml,BOTTOM,ahab crossed the deck to gaze over on the other side; but started,,ahabcrossedthedecktogazeoverontheothersidebutstarted,
c4CM.xhtml,image_rsrc5TB.jpg,chap133_img001.jpg,133,chapter_133.xhtml,TOP,,"that night, in the mid-watch, when the old man—as",,thatnightinthemidwatchwhentheoldmanas
c4CM.xhtml,image_rsrc5TC.jpg,chap133_img002.jpg,133,chapter_133.xhtml,MID,"and now, while both elastic gunwales were springing in and out, as the","at that preluding moment, ere the boat was yet snapped,",andnowwhilebothelasticgunwaleswerespringinginandoutasthe,atthatpreludingmomenteretheboatwasyetsnapped
c4CM.xhtml,image_rsrc5TD.jpg,chap133_img003.jpg,133,chapter_133.xhtml,BOTTOM,"and so saying, he placed himself half way within the scuttle, and slouching",,andsosayingheplacedhimselfhalfwaywithinthescuttleandslouching,
c4EP.xhtml,image_rsrc5TE.jpg,chap134_img001.jpg,134,chapter_134.xhtml,TOP,,"at day-break, the three mast-heads were punctually manned afresh.",,atdaybreakthethreemastheadswerepunctuallymannedafresh
c4EP.xhtml,image_rsrc5TF.jpg,chap134_img002.jpg,134,chapter_134.xhtml,BOTTOM,"so once more the sail was shortened, and everything passed nearly as on",,sooncemorethesailwasshortenedandeverythingpassednearlyason,
c4GH.xhtml,image_rsrc5TG.jpg,chap135_img001.jpg,135,chapter_135.xhtml,TOP,,the morning of the third day dawned fair and,,themorningofthethirddaydawnedfairand
c4GH.xhtml,image_rsrc5TH.jpg,chap135_img002.jpg,135,chapter_135.xhtml,MID,"at length as the craft was cast to one side, and ran ranging","almost simultaneously, with a mighty volition of ungraduated, instantaneous swiftness,",atlengthasthecraftwascasttoonesideandranranging,almostsimultaneouslywithamightyvolitionofungraduatedinstantaneousswiftness
c4GH.xhtml,image_rsrc5TJ.jpg,chap135_img003.jpg,135,chapter_135.xhtml,BOTTOM,now small fowls flew screaming over the yet yawning gulf; a sullen white,,nowsmallfowlsflewscreamingovertheyetyawninggulfasullenwhite,
c4JZ.xhtml,image_rsrc5TK.jpg,chap136_img001.jpg,136,chapter_136.xhtml,TOP,,"""And I only am escaped alone to tell thee.""",,andionlyamescapedalonetotellthee
